{"abemaciclib": {"n_atoms": 69, "initial_energy": -15.888945065541265, "final_energy": -15.920001498881263, "n_steps": 12, "converged": true}, "acalabrutinib": {"n_atoms": 58, "initial_energy": -14.458083837222844, "final_energy": -14.49609003538285, "n_steps": 38, "converged": true}, "apalutamide": {"n_atoms": 48, "initial_energy": -11.722120761871537, "final_energy": -11.753952707381544, "n_steps": 17, "converged": true}, "apixaban": {"n_atoms": 59, "initial_energy": -14.368412337636258, "final_energy": -14.41309844600626, "n_steps": 12, "converged": true}, "brexpiprazole": {"n_atoms": 58, "initial_energy": -13.452332918124426, "final_energy": -13.481510114014426, "n_steps": 11, "converged": true}, "cariprazine": {"n_atoms": 60, "initial_energy": -12.751349493097592, "final_energy": -12.777957277367605, "n_steps": 22, "converged": true}, "dapagliflozin": {"n_atoms": 53, "initial_energy": -12.030364580361535, "final_energy": -12.045081121551533, "n_steps": 9, "converged": true}, "empagliflozin": {"n_atoms": 58, "initial_energy": -13.256801206387692, "final_energy": -13.275636158377694, "n_steps": 29, "converged": true}, "enzalutamide": {"n_atoms": 48, "initial_energy": -11.55457784426001, "final_energy": -11.581768675260008, "n_steps": 15, "converged": true}, "ibrutinib": {"n_atoms": 57, "initial_energy": -13.917321521452934, "final_energy": -13.961996393872923, "n_steps": 18, "converged": true}, "lenalidomide": {"n_atoms": 32, "initial_energy": -7.893869906581472, "final_energy": -7.9142233615314765, "n_steps": 11, "converged": true}, "lenvatinib": {"n_atoms": 49, "initial_energy": -12.001177420810833, "final_energy": -12.031227077720843, "n_steps": 31, "converged": true}, "lisdexamphetamine": {"n_atoms": 44, "initial_energy": -9.325199134855033, "final_energy": -9.338574018965033, "n_steps": 14, "converged": true}, "nintedanib": {"n_atoms": 73, "initial_energy": -17.360279359314376, "final_energy": -17.40543489395438, "n_steps": 22, "converged": true}, "olaparib": {"n_atoms": 55, "initial_energy": -13.235060092012844, "final_energy": -13.287221460552857, "n_steps": 18, "converged": true}, "osimertinib": {"n_atoms": 70, "initial_energy": -16.339563408939313, "final_energy": -16.377826232849316, "n_steps": 15, "converged": true}, "palbociclib": {"n_atoms": 62, "initial_energy": -14.541136538551868, "final_energy": -14.581295694701865, "n_steps": 15, "converged": true}, "paliperidone_palmitate": {"n_atoms": 105, "initial_energy": -22.783773924199124, "final_energy": -22.826069705999117, "n_steps": 27, "converged": true}, "pomalidomide": {"n_atoms": 31, "initial_energy": -7.973037153926967, "final_energy": -7.991981385506968, "n_steps": 11, "converged": true}, "ribociclib": {"n_atoms": 62, "initial_energy": -14.327608811379491, "final_energy": -14.376210667939489, "n_steps": 22, "converged": true}, "rivaroxaban": {"n_atoms": 47, "initial_energy": -11.317933621014049, "final_energy": -11.355424044024048, "n_steps": 13, "converged": true}, "tafamidis": {"n_atoms": 27, "initial_energy": -7.026880206882026, "final_energy": -7.04378266348202, "n_steps": 7, "converged": true}, "upadacitinib": {"n_atoms": 46, "initial_energy": -10.697103371173995, "final_energy": -10.735331329473993, "n_steps": 14, "converged": true}, "venetoclax": {"n_atoms": 111, "initial_energy": -25.752201698488165, "final_energy": -25.85125131521815, "n_steps": 31, "converged": true}, "zanubrutinib": {"n_atoms": 64, "initial_energy": -15.182144924739504, "final_energy": -15.225753571089498, "n_steps": 17, "converged": true}}